relative_path,project,part_number,revision,process,material,date,size_bytes,sha256
exports/3mf/BJCP_badge_EXP_FDM_PLA_2026-10-08.3mf,BJCP,badge,EXP,FDM,PLA,2026-10-08,516269,90ab613117db2debdf5e6294589eeda5dec7314685c1f929c0dd54c4664127db
exports/stl/BJCP_badge-amber_EXP_FDM_PLA_2026-10-08.stl,BJCP,badge-amber,EXP,FDM,PLA,2026-10-08,123284,a249d128175a1a15c1fcea3b70ed6dce3142b2808bc34bc798151501a2cb08bb
exports/stl/BJCP_badge-black_EXP_FDM_PLA_2026-10-08.stl,BJCP,badge-black,EXP,FDM,PLA,2026-10-08,1158584,ef9bfd520c10678aaa740f6a72b79ff2960af62eb1fb59c830fafda6cd86b0da
exports/stl/BJCP_badge-blue_EXP_FDM_PLA_2026-10-08.stl,BJCP,badge-blue,EXP,FDM,PLA,2026-10-08,177784,69c3090b7c916223b051dfcfb4c318723fd726fe136fa1686d8d0e55c8953bc5
exports/stl/BJCP_badge-counterplate_EXP_FDM_PLA_2026-10-08.stl,BJCP,badge-counterplate,EXP,FDM,PLA,2026-10-08,147484,d4242d356e539d4685e93562bd178816c5d650ea869670cda135fda625cdbf0e
exports/stl/BJCP_badge-orange_EXP_FDM_PLA_2026-10-08.stl,BJCP,badge-orange,EXP,FDM,PLA,2026-10-08,817184,fa204ba800da1344139535c64683ccc9d113b955dcab8f8b2737ac1f2903a1db
exports/stl/BJCP_badge-white_EXP_FDM_PLA_2026-10-08.stl,BJCP,badge-white,EXP,FDM,PLA,2026-10-08,148184,38ac9b68c8421af3319c58ef51d60f1ebd9f77636e6d560a7606c02df2218442
exports/upload-jlc3dp/BJCP_badge-5colour_EXP_FDM_PLA_2026-10-08.3mf,BJCP,badge-5colour,EXP,FDM,PLA,2026-10-08,487391,c832b5a783a261dc5947b75b45d82ba7e76c8e9af9d12183db981ab1ada09404
exports/upload-jlc3dp/BJCP_badge-amber_EXP_FDM_PLA_2026-10-08.stl,BJCP,badge-amber,EXP,FDM,PLA,2026-10-08,123284,a249d128175a1a15c1fcea3b70ed6dce3142b2808bc34bc798151501a2cb08bb
exports/upload-jlc3dp/BJCP_badge-black_EXP_FDM_PLA_2026-10-08.stl,BJCP,badge-black,EXP,FDM,PLA,2026-10-08,1158584,ef9bfd520c10678aaa740f6a72b79ff2960af62eb1fb59c830fafda6cd86b0da
exports/upload-jlc3dp/BJCP_badge-blue_EXP_FDM_PLA_2026-10-08.stl,BJCP,badge-blue,EXP,FDM,PLA,2026-10-08,177784,69c3090b7c916223b051dfcfb4c318723fd726fe136fa1686d8d0e55c8953bc5
exports/upload-jlc3dp/BJCP_badge-counterplate_EXP_FDM_PLA_2026-10-08.3mf,BJCP,badge-counterplate,EXP,FDM,PLA,2026-10-08,28647,6732f311defc73fac53130a99b6f726a1819e088ebecaa0511f97b6fc2c954c6
exports/upload-jlc3dp/BJCP_badge-counterplate_EXP_FDM_PLA_2026-10-08.stl,BJCP,badge-counterplate,EXP,FDM,PLA,2026-10-08,147484,d4242d356e539d4685e93562bd178816c5d650ea869670cda135fda625cdbf0e
exports/upload-jlc3dp/BJCP_badge-orange_EXP_FDM_PLA_2026-10-08.stl,BJCP,badge-orange,EXP,FDM,PLA,2026-10-08,817184,fa204ba800da1344139535c64683ccc9d113b955dcab8f8b2737ac1f2903a1db
exports/upload-jlc3dp/BJCP_badge-white_EXP_FDM_PLA_2026-10-08.stl,BJCP,badge-white,EXP,FDM,PLA,2026-10-08,148184,38ac9b68c8421af3319c58ef51d60f1ebd9f77636e6d560a7606c02df2218442
