material_id,property,value_min,value_max,sd,unit,test_method,condition,orientation,quality_flag,note
FDM-ABS,hdt,98,98,,C,ISO 75,1.8 MPa,k.A.,ok,
FDM-ABS,flexural_strength,65.5,65.5,,MPa,ISO 178,,k.A.,ok,
FDM-ABS,flexural_modulus,1530,1530,,MPa,ISO 178,,k.A.,ok,
FDM-ABS,impact_strength,16.4,16.4,,kJ/m2,ISO 179,,k.A.,method_conflict,labelled Izod but ISO 179 is Charpy; notch k.A.
FDM-ABS,hardness_shore_d,65,65,,Shore D,ASTM D2240,,k.A.,ok,
FDM-ABS,tensile_modulus,1847,1847,,MPa,ISO 527,,k.A.,ok,
FDM-ABS,tensile_strength,28.8,28.8,,MPa,ISO 527,,k.A.,ok,
FDM-ABS,elongation_at_break,3.8,3.8,,%,ISO 527,,k.A.,ok,
FDM-PLA,tensile_modulus,2600,2600,215,MPa,ASTM D638 (ISO 527; GB/T 1040),,XY,ok,
FDM-PLA,tensile_strength,59,59,1,MPa,ASTM D638 (ISO 527; GB/T 1040),,XY,ok,
FDM-PLA,elongation_at_break,15.0,15.0,0.8,%,ASTM D638 (ISO 527; GB/T 1040),,XY,ok,
FDM-PLA,flexural_modulus,2700,2700,154,MPa,ASTM D790 (ISO 178; GB/T 9341),,XY,ok,
FDM-PLA,flexural_strength,81,81,2,MPa,ASTM D790 (ISO 178; GB/T 9341),,XY,ok,
FDM-PLA,impact_strength_charpy,4.3,4.3,1.3,kJ/m2,ASTM D256 (ISO 179; GB/T 1043),,XY,method_conflict,ASTM D256 is Izod; ISO 179 / GB/T 1043 are Charpy
FDM-PA12-CF,hdt,105,105,,C,ISO 75,1.8 MPa,k.A.,ok,
FDM-PA12-CF,tg,108,108,,C,DSC,10 K/min,n/a,ok,
FDM-PA12-CF,tm,165,165,,C,DSC,10 K/min,n/a,ok,
FDM-PA12-CF,flexural_strength,114.1,114.1,,MPa,ISO 178,,k.A.,ok,
FDM-PA12-CF,flexural_modulus,3532,3532,,MPa,ISO 178,,k.A.,ok,
FDM-PA12-CF,impact_strength,12.1,12.1,,kJ/m2,ISO 179,,k.A.,method_conflict,labelled Izod but ISO 179 is Charpy
FDM-PA12-CF,tensile_modulus,3748,3748,,MPa,ISO 527,,k.A.,ok,
FDM-PA12-CF,tensile_strength,69.3,69.3,,MPa,ISO 527,,k.A.,ok,
FDM-PA12-CF,elongation_at_break,2.9,2.9,,%,ISO 527,,k.A.,ok,
FDM-TPU,hardness_shore_a,95,95,,Shore A,k.A.,,n/a,ok,
FDM-ASA,tensile_modulus,2379,2379,157,MPa,ASTM D638 (ISO 527; GB/T 1040),,XY,ok,
FDM-ASA,tensile_strength,43.8,43.8,0.8,MPa,ASTM D638 (ISO 527; GB/T 1040),,XY,unit_corrected,source unit '%'; corrected to MPa
FDM-ASA,elongation_at_break,6.7,6.7,0.6,%,ASTM D638 (ISO 527; GB/T 1040),,XY,ok,
FDM-ASA,flexural_modulus,3206,3206,108,MPa,ASTM D790 (ISO 178; GB/T 9341),,XY,ok,
FDM-ASA,flexural_strength,73.4,73.4,2.1,MPa,ASTM D790 (ISO 178; GB/T 9341),,XY,unit_corrected,source unit 'kJ/m2'; corrected to MPa
FDM-ASA,impact_strength_charpy,10.3,10.3,0.4,kJ/m2,k.A.,,XY,method_conflict,source lists ASTM D790 / ISO 178 (flexural standards) for impact
FDM-ASA,hdt,97.8,97.8,,C,k.A.,k.A.,k.A.,incomplete,load level not stated
FDM-PEBA,tensile_strength,21,21,,MPa,k.A.,,k.A.,ok,
FDM-PEBA,flexural_modulus,63,63,,MPa,k.A.,,k.A.,ok,
FDM-PEBA,elongation_at_break,600,600,,%,k.A.,,k.A.,ok,
FDM-PEBA,cold_resistance,-70,-70,,C,k.A.,,n/a,ok,
FDM-PEBA,density,1.0,1.0,,g/cm3,k.A.,,n/a,ok,
FDM-PEBA,mfr,31,31,,g/10min,k.A.,k.A.,n/a,ok,
FDM-PEBA,hardness_shore_a,85,85,,Shore A,k.A.,,n/a,ok,
SLS-3201PA-F,hdt,147,147,,C,ASTM D648,0.45 MPa,k.A.,ok,
SLS-3201PA-F,flexural_strength,49,49,,MPa,ASTM D790,,k.A.,ok,
SLS-3201PA-F,flexural_modulus,1300,1300,,MPa,ASTM D790,,k.A.,ok,
SLS-3201PA-F,impact_strength_izod,6.0,6.0,,kJ/m2,ASTM D256,,k.A.,unit_check,ASTM D256 normally reports J/m
SLS-3201PA-F,hardness_shore_d,74,74,,Shore D,ASTM D2240,,k.A.,ok,
SLS-3201PA-F,tensile_modulus,1500,1500,,MPa,ASTM D638,,k.A.,ok,
SLS-3201PA-F,tensile_strength,44,44,,MPa,ASTM D638,,k.A.,ok,
SLS-3201PA-F,elongation_at_break,35,35,,%,ASTM D638,,k.A.,ok,
SLS-1172PRO,hdt,179,179,,C,ASTM D648,0.45 MPa,k.A.,ok,
SLS-1172PRO,flexural_strength,50,50,,MPa,ASTM D790,,k.A.,ok,
SLS-1172PRO,flexural_modulus,1300,1300,,MPa,ASTM D790,,k.A.,ok,
SLS-1172PRO,elongation_at_break,8,15,,%,ASTM D638,,k.A.,ok,
SLS-1172PRO,tensile_strength,46,46,,MPa,ASTM D638,,k.A.,ok,
SLS-1172PRO,tensile_modulus,1800,1800,,MPa,ASTM D638,,k.A.,ok,
SLS-1172PRO,impact_strength_izod_notched,40,40,,J/m,ASTM D256,,k.A.,ok,
SLS-1172PRO,impact_strength_izod_unnotched,350,350,,J/m,ASTM D256,,k.A.,ok,
SLS-3301PA,hdt,55,55,,C,ISO 75-1 (source: ISO 78-1),1.8 MPa,k.A.,method_error,standard number in source likely a typo
SLS-3301PA,hdt,147,147,,C,ISO 75-1 (source: ISO 78-1),0.45 MPa,k.A.,method_error,standard number in source likely a typo
SLS-3301PA,tm_powder,184,184,,C,ISO 11357-1,10 K/min,n/a,ok,
SLS-3301PA,flexural_strength,45,45,,MPa,k.A. (source: ISO 527-1),,k.A.,method_error,ISO 527-1 is a tensile standard
SLS-3301PA,flexural_modulus,1500,1500,,MPa,k.A. (source: ISO 527-1),,k.A.,method_error,ISO 527-1 is a tensile standard
SLS-3301PA,impact_strength_izod_notched,5,5,,kJ/m2,ISO 180,,k.A.,ok,
SLS-3301PA,impact_strength_izod_unnotched,20,20,,kJ/m2,ISO 180,,k.A.,ok,
SLS-3301PA,tensile_modulus,1700,1700,,MPa,ISO 527-1,,k.A.,ok,
SLS-3301PA,tensile_strength,48,48,,MPa,ISO 527-1,,k.A.,ok,
SLS-3301PA,elongation_at_break,30,30,,%,ISO 527-1,,k.A.,ok,
MJF-PA12-HP,hdt,175,175,,C,ASTM D648,0.45 MPa,k.A.,ok,
MJF-PA12-HP,flexural_strength,70,70,,MPa,ASTM D790,,k.A.,ok,
MJF-PA12-HP,flexural_modulus,1800,1800,,MPa,ASTM D790,,k.A.,ok,
MJF-PA12-HP,impact_strength_izod,3.6,3.6,,kJ/m2,ASTM D256,,k.A.,ok,
MJF-PA12-HP,hardness_shore_d,80,80,,Shore D,ASTM D2240,,k.A.,ok,
MJF-PA12-HP,tensile_modulus,1800,1800,,MPa,ASTM D638,,k.A.,ok,
MJF-PA12-HP,tensile_strength,48,48,,MPa,ASTM D638,,k.A.,ok,
MJF-PA12-HP,elongation_at_break,20,20,,%,ASTM D638,,k.A.,ok,
MJF-PA12S-HP,tensile_strength,45,45,,MPa,ASTM D638,,XY,ok,
MJF-PA12S-HP,tensile_strength,43,43,,MPa,ASTM D638,,Z,ok,
MJF-PA12S-HP,tensile_modulus,1700,1700,,MPa,ASTM D638,,XY,ok,
MJF-PA12S-HP,tensile_modulus,1700,1700,,MPa,ASTM D638,,Z,ok,
MJF-PA12S-HP,elongation_at_yield,10,10,,%,ASTM D638,,XY,ok,
MJF-PA12S-HP,elongation_at_yield,5,5,,%,ASTM D638,,Z,ok,
MJF-PA12S-HP,elongation_at_break,12,12,,%,ASTM D638,,XY,ok,
MJF-PA12S-HP,elongation_at_break,5,5,,%,ASTM D638,,Z,ok,
MJF-PA12S-HP,impact_strength_izod,2.5,2.5,,kJ/m2,ASTM D256,,k.A.,incomplete,two rows without orientation; ASSUMPTION XY
MJF-PA12S-HP,impact_strength_izod,2.0,2.0,,kJ/m2,ASTM D256,,k.A.,incomplete,two rows without orientation; ASSUMPTION Z
MJF-PA11-HP,tensile_strength,52,52,,MPa,ASTM D638,,XY,ok,
MJF-PA11-HP,tensile_strength,52,52,,MPa,ASTM D638,,Z,ok,
MJF-PA11-HP,tensile_modulus,1800,1800,,MPa,ASTM D638,,XY,ok,
MJF-PA11-HP,tensile_modulus,1800,1800,,MPa,ASTM D638,,Z,ok,
MJF-PA11-HP,elongation_at_break,50,50,,%,ASTM D638,,XYZ,table_shift,ASSUMPTION reconstructed from shifted source rows
MJF-PA11-HP,flexural_strength,70,70,,MPa,ASTM D790,,XY,table_shift,ASSUMPTION reconstructed from shifted source rows
MJF-PA11-HP,flexural_strength,70,70,,MPa,ASTM D790,,Z,table_shift,ASSUMPTION reconstructed from shifted source rows
MJF-PA11-HP,flexural_modulus,1650,1650,,MPa,ASTM D790,,XY,table_shift,ASSUMPTION reconstructed from shifted source rows
MJF-PA11-HP,flexural_modulus,1700,1700,,MPa,ASTM D790,,Z,table_shift,ASSUMPTION reconstructed from shifted source rows
MJF-PA11-HP,impact_strength_izod_notched,6,6,,kJ/m2,ASTM D256 Method A,3.2 mm; 23 C,XY,ok,
MJF-PA11-HP,impact_strength_izod_notched,5,5,,kJ/m2,ASTM D256 Method A,3.2 mm; 23 C,Z,ok,
MJF-PA11-HP,hdt,185,185,,C,ASTM D648 Method A,0.45 MPa,XYZ,ok,
MJF-PA11-HP,hdt,54,54,,C,ASTM D648 Method A,1.82 MPa,XYZ,ok,
WJP-FULLCOLOR,tensile_strength,70,70,,MPa,GB/T 1040.2-2006,,k.A.,ok,
WJP-FULLCOLOR,tensile_modulus,k.A.,k.A.,,MPa,GB/T 1040.2-2006,,k.A.,implausible,source states 5.79 MPa - physically implausible for an ABS-like resin
WJP-FULLCOLOR,elongation_at_break,15,15,,%,GB/T 1040.2-2006,,k.A.,ok,
WJP-FULLCOLOR,flexural_strength,80,100,,MPa,GB/T 9341-2008,,k.A.,ok,
WJP-FULLCOLOR,flexural_modulus,1700,1900,,MPa,GB/T 9341-2008,,k.A.,ok,
WJP-FULLCOLOR,impact_strength,8,18,,kJ/m2,GB/T 1043.1-2008,,k.A.,method_conflict,labelled Izod; GB/T 1043.1 is Charpy
WJP-FULLCOLOR,hardness,k.A.,k.A.,,k.A.,GB/T 2411-2008,,k.A.,implausible,source states '90A' under Shore D
WJP-FULLCOLOR,hdt,50,55,,C,GB/T 1634.2-2019,0.45 MPa,k.A.,ok,
BJ-316L,tensile_strength,561,561,,MPa,k.A.,as-sintered (ASSUMPTION),k.A.,ok,
BJ-316L,yield_strength,219,219,,MPa,k.A.,as-sintered (ASSUMPTION),k.A.,ok,
BJ-316L,elongation_at_break,50,50,,%,k.A.,as-sintered (ASSUMPTION),k.A.,ok,
BJ-316L,hardness_hrb,69,69,,HRB,k.A.,,n/a,ok,
BJ-316L,roughness_ra,4.0,8.0,,um,k.A.,,n/a,ok,
SLA-BLACK,hdt,58,69,,C,ASTM D648,66 psi,n/a,ok,
SLA-BLACK,flexural_strength,69,76,,MPa,ASTM D790,,n/a,ok,
SLA-BLACK,flexural_modulus,2722,2792,,MPa,ASTM D790,,n/a,ok,
SLA-BLACK,impact_strength_izod_notched,29,34,,J/m,ASTM D256,,n/a,ok,
SLA-BLACK,hardness_shore_d,78,88,,Shore D,ASTM D2240,,n/a,ok,
SLA-BLACK,tensile_modulus,2649,2731,,MPa,ASTM D638,,n/a,ok,
SLA-BLACK,tensile_strength,41,58,,MPa,ASTM D638,,n/a,ok,
SLA-BLACK,elongation_at_break,7,11,,%,ASTM D638,,n/a,ok,
SLA-BLACK,poisson_ratio,0.40,0.44,,-,k.A.,,n/a,ok,comparison table
SLA-BLACK,dielectric_strength,12.8,16.1,,kV/mm,k.A.,,n/a,ok,comparison table
SLA-IMAGINE-BLACK,hardness_shore_d,79,79,,Shore D,ASTM D2240,,n/a,ok,
SLA-IMAGINE-BLACK,flexural_modulus,2178,2222,,MPa,ASTM D790 (source: ASTM D638M),,n/a,method_error,
SLA-IMAGINE-BLACK,flexural_strength,66.8,67.8,,MPa,ASTM D790M,,n/a,ok,
SLA-IMAGINE-BLACK,tensile_modulus,2370,2650,,MPa,ASTM D638,,n/a,ok,
SLA-IMAGINE-BLACK,tensile_strength,66.8,67.8,,MPa,k.A.,,n/a,suspect_copy,only in comparison table; identical to flexural strength
SLA-IMAGINE-BLACK,elongation_at_break,6,9,,%,ASTM D638,,n/a,ok,
SLA-IMAGINE-BLACK,poisson_ratio,0.41,0.41,,-,ASTM D638,,n/a,ok,
SLA-IMAGINE-BLACK,impact_strength_izod_notched,23,29,,kJ/m2,ASTM D256,,n/a,unit_check,other SLA resins in source use J/m
SLA-IMAGINE-BLACK,hdt,46,46,,C,ASTM D648,66 psi,n/a,ok,
SLA-IMAGINE-BLACK,dielectric_strength,17.9,17.9,,kV/mm,k.A.,,n/a,ok,comparison table
SLA-9600,tensile_strength,55,55,,MPa,ASTM D638M,,n/a,ok,
SLA-9600,tensile_modulus,3200,3200,,MPa,ASTM D638M,,n/a,ok,
SLA-9600,elongation_at_break,5.5,5.5,,%,ASTM D638M,,n/a,ok,
SLA-9600,flexural_strength,81,81,,MPa,ASTM D790,,n/a,ok,
SLA-9600,flexural_modulus,2600,2600,,MPa,ASTM D790,,n/a,ok,
SLA-9600,impact_strength_izod_notched,32,32,,J/m,ASTM D256,,n/a,ok,
SLA-9600,water_absorption,0.55,0.55,,%,ASTM D570,,n/a,ok,
SLA-9600,hardness_shore_d,81,81,,Shore D,ASTM D2240 (source: D2241),,n/a,method_error,typo in standard number
SLA-9600,hdt,59,59,,C,ASTM D648,0.45 MPa,n/a,ok,
SLA-9600,hdt,53,53,,C,ASTM D648,1.82 MPa,n/a,ok,
SLA-GREY,tensile_strength,41,61,,MPa,ASTM D638,,n/a,ok,
SLA-GREY,tensile_modulus,2638,2675,,MPa,ASTM D638,,n/a,ok,
SLA-GREY,elongation_at_break,7,12,,%,ASTM D638,,n/a,ok,
SLA-GREY,flexural_strength,69,77,,MPa,ASTM D790,,n/a,ok,
SLA-GREY,flexural_modulus,2705,2875,,MPa,ASTM D790,,n/a,ok,
SLA-GREY,hardness_shore_d,76,83,,Shore D,ASTM D2240,,n/a,ok,
SLA-GREY,poisson_ratio,0.40,0.44,,-,ASTM D638,,n/a,ok,
SLA-GREY,impact_strength_izod_notched,36,55,,J/m,ASTM D256,,n/a,ok,
SLA-GREY,hdt,51,59,,C,ASTM D648,66 psi,n/a,ok,
SLA-GREY,tg,61,68,,C,DMA E'' peak,,n/a,ok,
SLA-GREY,cte,90e-6,136e-6,,1/K,TMA (< Tg),,n/a,unit_corrected,source unit given as 'C'
SLA-GREY,dielectric_strength,12.8,16.1,,kV/mm,ASTM D149 (source: D1549-97a),,n/a,method_error,
SLA-CBY,hardness_shore_d,76,85,,Shore D,ASTM D2240,,n/a,ok,
SLA-CBY,flexural_modulus,2450,2550,,MPa,ASTM D790M,,n/a,ok,
SLA-CBY,flexural_strength,50,65,,MPa,ASTM D790M,,n/a,ok,
SLA-CBY,tensile_modulus,2150,2370,,MPa,ASTM D638,,n/a,ok,
SLA-CBY,tensile_strength,25,30,,MPa,ASTM D638,,n/a,ok,
SLA-CBY,elongation_at_break,12,20,,%,ASTM D638,,n/a,ok,
SLA-CBY,impact_strength_izod_notched,58,70,,J/m,ASTM D256,,n/a,ok,
SLA-CBY,hdt,72,80,,C,ASTM D648,66 psi,n/a,ok,
SLA-CBY,tg,74,85,,C,DMA E'' peak,,n/a,ok,
SLA-JLC-BLACK,hardness_shore_d,78,85,,Shore D,k.A.,,n/a,ok,comparison table
SLA-JLC-BLACK,tensile_modulus,2649,2731,,MPa,k.A.,,n/a,ok,comparison table
SLA-JLC-BLACK,tensile_strength,41,57,,MPa,k.A.,,n/a,ok,comparison table
SLA-JLC-BLACK,elongation_at_break,7,11,,%,k.A.,,n/a,ok,comparison table
SLA-JLC-BLACK,flexural_modulus,2711,2789,,MPa,k.A.,,n/a,ok,comparison table
SLA-JLC-BLACK,flexural_strength,69,75,,MPa,k.A.,,n/a,ok,comparison table
SLA-JLC-BLACK,poisson_ratio,0.40,0.44,,-,k.A.,,n/a,ok,comparison table
SLA-JLC-BLACK,hdt,54,65,,C,ASTM D648,66 psi,n/a,ok,
SLA-JLC-BLACK,impact_strength_izod_notched,29,34,,J/m,k.A.,,n/a,ok,comparison table
SLA-JLC-BLACK,dielectric_strength,12.8,16.1,,kV/mm,k.A.,,n/a,ok,comparison table
SLA-8228,hdt,56.4,56.4,,C,ASTM D648-18,k.A.,n/a,incomplete,load level not stated
SLA-8228,flexural_strength,83.1,83.1,,MPa,ASTM D790-17,,n/a,ok,
SLA-8228,flexural_modulus,2390,2390,,MPa,ASTM D790-17,,n/a,ok,
SLA-8228,impact_strength_izod_notched,42,42,,J/m,ASTM D256-10(2018),,n/a,ok,
SLA-8228,hardness_shore_d,83,83,,Shore D,ASTM D2240-15e1,,n/a,ok,source format 'D/83/1'
SLA-8228,tensile_modulus,3200,3200,,MPa,ASTM D638-14,,n/a,ok,
SLA-8228,tensile_strength,62.4,62.4,,MPa,ASTM D638-14,,n/a,ok,
SLA-8228,elongation_at_break,6.8,6.8,,%,ASTM D638-14,,n/a,ok,
SLA-LEDO6060,hdt,56,56,,C,ASTM D648,0.46 MPa (66 psi),n/a,ok,
SLA-LEDO6060,flexural_modulus,2400,2400,,MPa,ASTM D790M,,n/a,ok,
SLA-LEDO6060,impact_strength_izod_notched,45,45,,J/m,ASTM D256A,,n/a,ok,
SLA-LEDO6060,tensile_modulus,2450,2450,,MPa,ASTM D638M,,n/a,ok,
SLA-LEDO6060,tensile_strength,50,50,,MPa,ASTM D638M,,n/a,ok,
SLA-LEDO6060,elongation_at_break,10,10,,%,ASTM D638M,,n/a,ok,
