material_id,trade_name,process,material_class,color,lead_time_h,tol_le_limit_mm,tol_gt_limit_pct,tol_limit_mm,wall_recommended_mm,wall_min_mm,max_size_mm,min_size_mm,hdt_c,hdt_condition,outdoor_uv_suitable,source_updated,quality_flag,notes
FDM-ABS,ABS,FDM,ABS,k.A.,72-96,0.3,0.4,100,1.6,1.2,580x480x480,30x30x10,98,ISO 75 1.8 MPa,k.A.,2025-11-02,conflict,FDM article lists max 550x480x480; min size 30x30x15 on FDM article
FDM-PLA,PLA,FDM,PLA,black/white/red/blue,96,0.3,0.4,100,1.6,1.2,250x250x250,30x30x15,53,k.A.,k.A.,2025-11-02,conflict,size table lists 250x250x300 and min 30x30x10
FDM-PA12-CF,PA12-CF,FDM,PA12 carbon-fibre filled,black,72,0.3,0.4,100,1.6,1.2,580x480x480,30x30x15,105,ISO 75 1.8 MPa,k.A.,2025-11-02,conflict,size table lists 250x250x300
FDM-TPU,TPU 95A,FDM,TPU,grey/yellow/transparent/blue/green/purple/red/orange/pink/black,72,0.3,0.4,100,1.6,1.2,250x250x250,30x30x15,k.A.,k.A.,k.A.,2025-11-02,conflict,size table lists 250x250x300; hardness 95A
FDM-ASA,ASA,FDM,ASA,black/white,96,0.3,0.4,100,1.6,1.2,250x250x250,30x30x15,97.8,k.A.,yes (manufacturer claim),2025-11-02,unit_error,size table lists 250x250x300; see mechanical CSV for unit corrections
FDM-PEBA,PEBA 85A,FDM,PEBA (polyether block amide),white,72,0.3,0.4,100,1.6,1.6,250x250x300,30x30x10,k.A.,k.A.,k.A.,2026-01-08,ok,thermoplastic elastomer; elongation 600 %
SLS-3201PA-F,3201 PA-F Nylon,SLS,PA12 (ASSUMPTION),grey-black,72,0.3,0.4,100,1.0,1.0,350x350x400,5x5x5 / 10x2x2,147,ASTM D648 0.45 MPa,k.A.,2025-11-02,ok,SLS article lists 400x350x350 (axis order)
SLS-1172PRO,Precimid 1172 Pro Nylon,SLS,PA12 (ASSUMPTION),white,72,0.3,0.4,100,1.0,1.0,300x300x590,5x5x5 / 10x2x2,179,ASTM D648 0.45 MPa,k.A.,2025-11-02,conflict,size table lists 250x250x590
SLS-3301PA,3301PA Nylon,SLS,PA (grade k.A.),white,96,0.3,0.4,100,1.0,1.0,350x350x400,5x5x5 / 10x2x2,147,ISO 75 0.45 MPa (55 C at 1.8 MPa),k.A.,2025-11-02,method_error,"HDT standard given as ISO 78-1, flexural values given with ISO 527-1"
MJF-PA12-HP,PA12-HP,MJF,PA12,natural grey,72,0.3,0.4,100,1.0,1.0,370x276x360,5x5x5 / 10x2x2,175,ASTM D648 0.45 MPa,k.A.,2025-11-02,ok,
MJF-PA12S-HP,PA12S-HP,MJF,PA12,black/grey,72,0.3,0.4,100,1.0,1.0,370x276x360,5x5x5 / 10x2x2,175,k.A.,k.A.,2025-11-19,ok,only material with XY and Z tensile values
MJF-PA11-HP,PA11-HP,MJF,PA11,black/natural grey,72,0.3,0.4,100,1.0,1.0,370x276x360,5x5x5 / 10x2x2,185,ASTM D648 0.45 MPa (54 C at 1.82 MPa),k.A.,2025-11-02,table_shift,property table rows shifted in source; see mechanical CSV
MJF-PAC-HP,PAC-HP Nylon,MJF,PA full colour,full colour,72,0.3,0.4,200,2.0,2.0,190x223x248,5x5x5 / 10x2x2,80,k.A.,k.A.,2025-11-02,conflict,size table lists 320x175x225; tolerance stated for models up to 200 mm
WJP-FULLCOLOR,Full Color Resin,WJP,ABS-like photopolymer,full colour,96,0.2,0.3,100,1.0,1.0,380x330x230,5x5x5 / 10x2x2,50-55,GB/T 1634.2 0.45 MPa,no,2025-11-02,implausible,tensile modulus 5.79 MPa implausible; hardness 90A listed as Shore D
BJ-316L,BJ-316L Stainless Steel,BJ,stainless steel 316L,steel,96,0.3,1.3,50,1.0,1.0,100x100x100,5x5x5 / 10x2x2,n/a,n/a,k.A.,2025-10-28,ok,Ra 4.0-8.0 um; warp risk above 50 mm
SLM-316L,316L (SLM),SLM,stainless steel 316L,steel,k.A.,0.3,0.4,100,k.A.,k.A.,390x290x390,5x5x5 / 10x2x2,n/a,n/a,k.A.,2025-06-02,incomplete,only listed in design-guideline size table; no material datasheet in source
SLA-BLACK,Black Resin,SLA,photopolymer,greyish black,72,0.2,0.3,100,0.8,0.8,780x780x530,5x5x5 / 10x2x2,58-69,ASTM D648 66 psi (0.45 MPa),no,2025-10-25,ok,
SLA-XRESIN,X Resin,SLA,random photopolymer,random,72,0.2,0.3,100,0.8,0.8,780x780x530,5x5x5 / 10x2x2,k.A.,k.A.,no,2025-11-02,not_traceable,random resin allocation - excluded from experiments and functional parts
SLA-IMAGINE-BLACK,Imagine Black,SLA,photopolymer,black,72,0.2,0.3,100,0.8,0.8,580x580x380,5x5x5 / 10x2x2,46,ASTM D648 66 psi (0.45 MPa),no,2025-11-02,conflict,suitable for humid environments (manufacturer claim)
SLA-9600,9600 Resin,SLA,photopolymer,matte white,48,0.2,0.3,100,0.8,0.8,780x780x530,5x5x5 / 10x2x2,59,ASTM D648 0.45 MPa (53 C at 1.82 MPa),no,2025-11-02,ok,
SLA-GREY,Grey Resin,SLA,photopolymer,grey,72,0.2,0.3,100,0.8,0.8,580x580x380,5x5x5 / 10x2x2,51-59,ASTM D648 66 psi (0.45 MPa),no,2025-11-02,ok,not listed in size table
SLA-CBY,CBY Resin,SLA,photopolymer,light yellow,72,0.2,0.3,100,0.8,0.8,780x780x530,5x5x5 / 10x2x2,72-80,ASTM D648 66 psi (0.45 MPa),no,2025-11-02,ok,highest HDT of the SLA resins in source
SLA-BLACK-B,Black Resin B,SLA,photopolymer,black,72,0.2,0.3,100,0.8,0.8,780x780x530,5x5x5 / 10x2x2,54-65,ASTM D648 66 psi (0.45 MPa),no,2025-11-02,ok,
SLA-8228,8228 Resin,SLA,photopolymer,k.A.,48,0.2,0.3,100,0.8,0.8,580x580x390,5x5x5 / 10x2x2,56.4,ASTM D648-18 (load k.A.),no,2025-11-02,conflict,size table lists 580x580x380; good yellowing resistance (manufacturer claim)
SLA-LEDO6060,Somos Ledo 6060,SLA,photopolymer,k.A.,24-48,0.2,0.3,100,0.8,0.8,780x780x530,5x5x5 / 10x2x2,56,ASTM D648 0.46 MPa,no,2025-11-02,ok,water-resistant (manufacturer claim)
SLA-8001,8001 Resin,SLA,photopolymer,k.A.,k.A.,0.2,0.3,100,k.A.,k.A.,780x780x530,5x5x5 / 10x2x2,k.A.,k.A.,k.A.,k.A.,incomplete,listed in material index and size table only; datasheet missing in source
