process,rule_id,applies_to_size_max_mm,value_min,value_max,unit,description,source,quality_flag,note
SLA,wall_min,5,0.5,,mm,Minimum wall thickness by part size,G2,ok,
SLA,wall_min,10,0.8,,mm,Minimum wall thickness by part size,G2,ok,
SLA,wall_min,50,1.0,,mm,Minimum wall thickness by part size,G2,ok,
SLA,wall_min,100,1.5,,mm,Minimum wall thickness by part size,G2,ok,
SLA,wall_min,200,2.0,,mm,Minimum wall thickness by part size,G2,ok,
MJF,wall_min,5,1.0,,mm,Minimum wall thickness by part size,G2,ok,
MJF,wall_min,10,1.2,,mm,Minimum wall thickness by part size,G2,ok,
MJF,wall_min,50,1.5,,mm,Minimum wall thickness by part size,G2,ok,
MJF,wall_min,100,2.0,,mm,Minimum wall thickness by part size,G2,ok,
MJF,wall_min,200,2.0,,mm,Minimum wall thickness by part size,G2,ok,
SLS,wall_min,5,1.0,,mm,Minimum wall thickness by part size,G2,ok,
SLS,wall_min,10,1.2,,mm,Minimum wall thickness by part size,G2,ok,
SLS,wall_min,50,1.5,,mm,Minimum wall thickness by part size,G2,ok,
SLS,wall_min,100,2.0,,mm,Minimum wall thickness by part size,G2,ok,
SLS,wall_min,200,2.0,,mm,Minimum wall thickness by part size,G2,ok,
SLM,wall_min,5,1.5,,mm,Minimum wall thickness by part size,G2,ok,
SLM,wall_min,10,1.5,,mm,Minimum wall thickness by part size,G2,ok,
SLM,wall_min,50,1.5,,mm,Minimum wall thickness by part size,G2,ok,
SLM,wall_min,100,2.0,,mm,Minimum wall thickness by part size,G2,ok,
SLM,wall_min,200,2.5,,mm,Minimum wall thickness by part size,G2,ok,
FDM,wall_min,50,1.6,,mm,Minimum wall thickness by part size,G2,ok,FDM parts below 30 mm are not accepted (minimum part size)
FDM,wall_min,100,2.0,,mm,Minimum wall thickness by part size,G2,ok,
FDM,wall_min,200,2.5,,mm,Minimum wall thickness by part size,G2,ok,
SLA,wall_min_feature,,1.5,,mm,"Minimum wall for bosses, locators, snap fits and fastening features",G2,ok,
MJF,wall_min_feature,,1.5,,mm,"Minimum wall for bosses, locators, snap fits and fastening features",G2,ok,
SLS,wall_min_feature,,1.5,,mm,"Minimum wall for bosses, locators, snap fits and fastening features",G2,ok,
FDM,wall_min_feature,,1.5,,mm,"Minimum wall for bosses, locators, snap fits and fastening features",G2,ok,
SLM,wall_min_feature,,1.5,,mm,"Minimum wall for bosses, locators, snap fits and fastening features",G2,ok,
SLA,detail_min,,0.8,,mm,Minimum depth and width of embossed/engraved detail,G3,ok,
MJF,detail_min,,0.8,,mm,Minimum depth and width of embossed/engraved detail,G3,conflict,MJF article states 0.5 mm; conservative value governs
MJF,detail_min,,0.5,,mm,Minimum depth and width of embossed/engraved detail,MJF-A,conflict,
SLS,detail_min,,0.8,,mm,Minimum depth and width of embossed/engraved detail,G3,ok,
FDM,detail_min,,0.8,,mm,Minimum depth and width of embossed/engraved detail,G3,conflict,FDM article states 1.0 mm; conservative value governs
FDM,detail_min,,1.0,,mm,Minimum depth and width of embossed/engraved detail,FDM-A,conflict,
SLM,detail_min,,1.0,,mm,Minimum depth and width of embossed/engraved detail,G3,ok,
SLA,thread_pitch_min,,0.5,,mm,Minimum thread pitch (non-standard printed threads),G4,ok,helix angle 30 deg
MJF,thread_pitch_min,,0.6,,mm,Minimum thread pitch (non-standard printed threads),G4,ok,helix angle 30 deg
SLS,thread_pitch_min,,0.6,,mm,Minimum thread pitch (non-standard printed threads),G4,ok,helix angle 30 deg
FDM,thread_pitch_min,,1.0,,mm,Minimum thread pitch (non-standard printed threads),G4,ok,helix angle 30 deg
SLA,thread_nominal_min,,6,,mm,Smallest recommended printed metric thread (M6),G4,ok,
MJF,thread_nominal_min,,6,,mm,Smallest recommended printed metric thread (M6),G4,ok,
SLS,thread_nominal_min,,6,,mm,Smallest recommended printed metric thread (M6),G4,ok,
FDM,thread_nominal_min,,6,,mm,Smallest recommended printed metric thread (M6),G4,ok,
SLA,clearance_assembly_min,,0.2,,mm,Minimum gap between parts printed for later assembly,G5A,ok,simple geometry only
MJF,clearance_assembly_min,,0.2,0.4,mm,Minimum gap between parts printed for later assembly,G5A,ok,simple geometry only
SLS,clearance_assembly_min,,0.2,0.4,mm,Minimum gap between parts printed for later assembly,G5A,ok,simple geometry only
FDM,clearance_assembly_min,,0.5,,mm,Minimum gap between parts printed for later assembly,G5A,ok,simple geometry only
SLM,clearance_assembly_min,,0.5,,mm,Minimum gap between parts printed for later assembly,G5A,ok,simple geometry only
SLA,clearance_moving_min,,0.5,,mm,Minimum gap between moving or print-in-place parts,G5B,ok,simple geometry only
MJF,clearance_moving_min,,0.6,,mm,Minimum gap between moving or print-in-place parts,G5B,ok,simple geometry only
SLS,clearance_moving_min,,0.6,,mm,Minimum gap between moving or print-in-place parts,G5B,ok,simple geometry only
FDM,clearance_moving_min,,0.5,,mm,Minimum gap between moving or print-in-place parts,G5B,ok,simple geometry only
SLM,clearance_moving_min,,1.0,,mm,Minimum gap between moving or print-in-place parts,G5B,ok,simple geometry only
SLA,vent_hole_min,,2.5,,mm,Minimum escape-hole diameter for hollow parts,G6,ok,two holes required if diameter < 3.0 mm
MJF,vent_hole_min,,2.5,,mm,Minimum escape-hole diameter for hollow parts,G6,ok,two holes required if diameter < 3.0 mm
SLS,vent_hole_min,,2.5,,mm,Minimum escape-hole diameter for hollow parts,G6,ok,two holes required if diameter < 3.0 mm
FDM,vent_hole_min,,2.5,,mm,Minimum escape-hole diameter for hollow parts,FDM-A,ok,
SLA,hole_dia_min,,1.0,,mm,Minimum hole diameter,G7,ok,
MJF,hole_dia_min,,1.5,,mm,Minimum hole diameter,G7,ok,
SLS,hole_dia_min,,1.5,,mm,Minimum hole diameter,G7,ok,
FDM,hole_dia_min,,1.5,,mm,Minimum hole diameter,G7,conflict,FDM article states 3.0 mm; conservative value governs
FDM,hole_dia_min,,3.0,,mm,Minimum hole diameter,FDM-A,conflict,
SLM,hole_dia_min,,1.5,,mm,Minimum hole diameter,G7,ok,
SLA,hole_depth_ratio_max,,,3.0,-,Maximum hole depth / diameter,G7,derived,"derived from table (dia 1.0 -> 1-3 mm, 1.5 -> 1.5-4.5 mm, 2.0 -> 2-6 mm)"
MJF,hole_depth_ratio_max,,,3.0,-,Maximum hole depth / diameter,G7,derived,derived from table
SLS,hole_depth_ratio_max,,,3.0,-,Maximum hole depth / diameter,G7,derived,derived from table
FDM,hole_depth_ratio_max,,,3.0,-,Maximum hole depth / diameter,G7,derived,derived from table
SLM,hole_depth_ratio_max,,,3.0,-,Maximum hole depth / diameter,G7,derived,derived from table
SLA,pin_dia_min,,1.0,,mm,Minimum pin / column diameter,G8,ok,
MJF,pin_dia_min,,2.0,,mm,Minimum pin / column diameter,G8,ok,
SLS,pin_dia_min,,2.0,,mm,Minimum pin / column diameter,G8,ok,
FDM,pin_dia_min,,2.0,,mm,Minimum pin / column diameter,G8,conflict,FDM article states 2.5 mm; conservative value governs
FDM,pin_dia_min,,2.5,,mm,Minimum pin / column diameter,FDM-A,conflict,
SLM,pin_dia_min,,2.0,,mm,Minimum pin / column diameter,G8,ok,
SLA,pin_height_ratio_max,,,2.0,-,Maximum pin height / diameter,G8,derived,"derived from table (D 2.0 -> 2-4 mm, D 3.0 -> 3-6 mm); D 1.0 -> 1 mm only"
MJF,pin_height_ratio_max,,,2.0,-,Maximum pin height / diameter,G8,derived,derived from table
SLS,pin_height_ratio_max,,,2.0,-,Maximum pin height / diameter,G8,derived,derived from table
FDM,pin_height_ratio_max,,,2.0,-,Maximum pin height / diameter,G8,derived,derived from table
SLM,pin_height_ratio_max,,,2.0,-,Maximum pin height / diameter,G8,derived,derived from table
SLA,tol_general_abs,100,,0.2,mm,General tolerance +/- for nominal size <= 100 mm,G10A,ok,no warp; no paint/oil-spray finish
SLA,tol_general_rel,,,0.3,%,General tolerance +/- for nominal size > 100 mm,G10A,ok,
MJF,tol_general_abs,100,,0.3,mm,General tolerance +/- for nominal size <= 100 mm,G10A,ok,no warp; no paint/oil-spray finish
MJF,tol_general_rel,,,0.4,%,General tolerance +/- for nominal size > 100 mm,G10A,ok,
SLS,tol_general_abs,100,,0.3,mm,General tolerance +/- for nominal size <= 100 mm,G10A,ok,no warp; no paint/oil-spray finish
SLS,tol_general_rel,,,0.4,%,General tolerance +/- for nominal size > 100 mm,G10A,ok,
FDM,tol_general_abs,100,,0.3,mm,General tolerance +/- for nominal size <= 100 mm,G10A,ok,no warp; no paint/oil-spray finish
FDM,tol_general_rel,,,0.4,%,General tolerance +/- for nominal size > 100 mm,G10A,ok,
SLM,tol_general_abs,100,,0.3,mm,General tolerance +/- for nominal size <= 100 mm,G10A,ok,no warp; no paint/oil-spray finish
SLM,tol_general_rel,,,0.4,%,General tolerance +/- for nominal size > 100 mm,G10A,ok,
BJ,tol_general_abs,50,,0.3,mm,General tolerance +/- for nominal size <= 50 mm (or 0.4 %),M-BJ316L,ok,
BJ,tol_general_rel,,,1.3,%,General tolerance +/- for nominal size > 50 mm,M-BJ316L,ok,warp risk increases above 50 mm
WJP,tol_general_abs,100,,0.2,mm,General tolerance +/- for nominal size <= 100 mm,M-WJP,ok,
WJP,tol_general_rel,,,0.3,%,General tolerance +/- for nominal size > 100 mm,M-WJP,ok,
SLA,tol_hole,,,0.3,mm,Hole tolerance +/- (holes tend to shrink),G10B,ok,
MJF,tol_hole,,,0.3,mm,Hole tolerance +/- (holes tend to shrink),G10B,ok,
SLS,tol_hole,,,0.3,mm,Hole tolerance +/- (holes tend to shrink),G10B,ok,
FDM,tol_hole,,,0.4,mm,Hole tolerance +/- (holes tend to shrink),G10B,ok,
SLM,tol_hole,,,0.5,mm,Hole tolerance +/- (holes tend to shrink),G10B,ok,316L internal non-functional features up to -0.5 mm
SLA,drift_1_3d,,,0.15,mm,Additional dimensional drift 1-3 days after printing (or 0.15 %),G10C,ok,
SLA,drift_3_7d,,,0.2,mm,Additional dimensional drift 3-7 days after printing (or 0.20 %),G10C,ok,
